dep_name;shift_type;date
Cardiology;morning;01/01/2026
Cardiology;noon;01/01/2026
Cardiology;night;01/01/2026
Cardiology;morning;02/01/2026
Cardiology;noon;02/01/2026
Cardiology;night;02/01/2026
Cardiology;morning;03/01/2026
Cardiology;noon;03/01/2026
Cardiology;night;03/01/2026
Cardiology;morning;04/01/2026
Cardiology;noon;04/01/2026
Cardiology;night;04/01/2026
Cardiology;morning;05/01/2026
Cardiology;noon;05/01/2026
Cardiology;night;05/01/2026
Cardiology;morning;06/01/2026
Cardiology;noon;06/01/2026
Cardiology;night;06/01/2026
Cardiology;morning;07/01/2026
Cardiology;noon;07/01/2026
Cardiology;night;07/01/2026
Cardiology;morning;08/01/2026
Cardiology;noon;08/01/2026
Cardiology;night;08/01/2026
Cardiology;morning;09/01/2026
Cardiology;noon;09/01/2026
Cardiology;night;09/01/2026
Cardiology;morning;10/01/2026
Cardiology;noon;10/01/2026
Cardiology;night;10/01/2026
Cardiology;morning;11/01/2026
Cardiology;noon;11/01/2026
Cardiology;night;11/01/2026
Cardiology;morning;12/01/2026
Cardiology;noon;12/01/2026
Cardiology;night;12/01/2026
Cardiology;morning;13/01/2026
Cardiology;noon;13/01/2026
Cardiology;night;13/01/2026
Cardiology;morning;14/01/2026
Cardiology;noon;14/01/2026
Cardiology;night;14/01/2026
Cardiology;morning;15/01/2026
Cardiology;noon;15/01/2026
Cardiology;night;15/01/2026
Cardiology;morning;16/01/2026
Cardiology;noon;16/01/2026
Cardiology;night;16/01/2026
Cardiology;morning;17/01/2026
Cardiology;noon;17/01/2026
Cardiology;night;17/01/2026
Cardiology;morning;18/01/2026
Cardiology;noon;18/01/2026
Cardiology;night;18/01/2026
Cardiology;morning;19/01/2026
Cardiology;noon;19/01/2026
Cardiology;night;19/01/2026
Cardiology;morning;20/01/2026
Cardiology;noon;20/01/2026
Cardiology;night;20/01/2026
Cardiology;morning;21/01/2026
Cardiology;noon;21/01/2026
Cardiology;night;21/01/2026
Cardiology;morning;22/01/2026
Cardiology;noon;22/01/2026
Cardiology;night;22/01/2026
Cardiology;morning;23/01/2026
Cardiology;noon;23/01/2026
Cardiology;night;23/01/2026
Cardiology;morning;24/01/2026
Cardiology;noon;24/01/2026
Cardiology;night;24/01/2026
Cardiology;morning;25/01/2026
Cardiology;noon;25/01/2026
Cardiology;night;25/01/2026
Cardiology;morning;26/01/2026
Cardiology;noon;26/01/2026
Cardiology;night;26/01/2026
Cardiology;morning;27/01/2026
Cardiology;noon;27/01/2026
Cardiology;night;27/01/2026
Cardiology;morning;28/01/2026
Cardiology;noon;28/01/2026
Cardiology;night;28/01/2026
Cardiology;morning;29/01/2026
Cardiology;noon;29/01/2026
Cardiology;night;29/01/2026
Cardiology;morning;30/01/2026
Cardiology;noon;30/01/2026
Cardiology;night;30/01/2026
Cardiology;morning;31/01/2026
Cardiology;noon;31/01/2026
Cardiology;night;31/01/2026
Cardiology;morning;01/02/2026
Cardiology;noon;01/02/2026
Cardiology;night;01/02/2026
Cardiology;morning;02/02/2026
Cardiology;noon;02/02/2026
Cardiology;night;02/02/2026
Cardiology;morning;03/02/2026
Cardiology;noon;03/02/2026
Cardiology;night;03/02/2026
Cardiology;morning;04/02/2026
Cardiology;noon;04/02/2026
Cardiology;night;04/02/2026
Cardiology;morning;05/02/2026
Cardiology;noon;05/02/2026
Cardiology;night;05/02/2026
Cardiology;morning;06/02/2026
Cardiology;noon;06/02/2026
Cardiology;night;06/02/2026
Cardiology;morning;07/02/2026
Cardiology;noon;07/02/2026
Cardiology;night;07/02/2026
Cardiology;morning;08/02/2026
Cardiology;noon;08/02/2026
Cardiology;night;08/02/2026
Cardiology;morning;09/02/2026
Cardiology;noon;09/02/2026
Cardiology;night;09/02/2026
Cardiology;morning;10/02/2026
Cardiology;noon;10/02/2026
Cardiology;night;10/02/2026
Cardiology;morning;11/02/2026
Cardiology;noon;11/02/2026
Cardiology;night;11/02/2026
Cardiology;morning;12/02/2026
Cardiology;noon;12/02/2026
Cardiology;night;12/02/2026
Cardiology;morning;13/02/2026
Cardiology;noon;13/02/2026
Cardiology;night;13/02/2026
Cardiology;morning;14/02/2026
Cardiology;noon;14/02/2026
Cardiology;night;14/02/2026
Cardiology;morning;15/02/2026
Cardiology;noon;15/02/2026
Cardiology;night;15/02/2026
Cardiology;morning;16/02/2026
Cardiology;noon;16/02/2026
Cardiology;night;16/02/2026
Cardiology;morning;17/02/2026
Cardiology;noon;17/02/2026
Cardiology;night;17/02/2026
Cardiology;morning;18/02/2026
Cardiology;noon;18/02/2026
Cardiology;night;18/02/2026
Cardiology;morning;19/02/2026
Cardiology;noon;19/02/2026
Cardiology;night;19/02/2026
Cardiology;morning;20/02/2026
Cardiology;noon;20/02/2026
Cardiology;night;20/02/2026
Cardiology;morning;21/02/2026
Cardiology;noon;21/02/2026
Cardiology;night;21/02/2026
Cardiology;morning;22/02/2026
Cardiology;noon;22/02/2026
Cardiology;night;22/02/2026
Cardiology;morning;23/02/2026
Cardiology;noon;23/02/2026
Cardiology;night;23/02/2026
Cardiology;morning;24/02/2026
Cardiology;noon;24/02/2026
Cardiology;night;24/02/2026
Cardiology;morning;25/02/2026
Cardiology;noon;25/02/2026
Cardiology;night;25/02/2026
Cardiology;morning;26/02/2026
Cardiology;noon;26/02/2026
Cardiology;night;26/02/2026
Cardiology;morning;27/02/2026
Cardiology;noon;27/02/2026
Cardiology;night;27/02/2026
Cardiology;morning;28/02/2026
Cardiology;noon;28/02/2026
Cardiology;night;28/02/2026
Surgery;morning;01/01/2026
Surgery;noon;01/01/2026
Surgery;night;01/01/2026
Surgery;morning;02/01/2026
Surgery;noon;02/01/2026
Surgery;night;02/01/2026
Surgery;morning;03/01/2026
Surgery;noon;03/01/2026
Surgery;night;03/01/2026
Surgery;morning;04/01/2026
Surgery;noon;04/01/2026
Surgery;night;04/01/2026
Surgery;morning;05/01/2026
Surgery;noon;05/01/2026
Surgery;night;05/01/2026
Surgery;morning;06/01/2026
Surgery;noon;06/01/2026
Surgery;night;06/01/2026
Surgery;morning;07/01/2026
Surgery;noon;07/01/2026
Surgery;night;07/01/2026
Surgery;morning;08/01/2026
Surgery;noon;08/01/2026
Surgery;night;08/01/2026
Surgery;morning;09/01/2026
Surgery;noon;09/01/2026
Surgery;night;09/01/2026
Surgery;morning;10/01/2026
Surgery;noon;10/01/2026
Surgery;night;10/01/2026
Surgery;morning;11/01/2026
Surgery;noon;11/01/2026
Surgery;night;11/01/2026
Surgery;morning;12/01/2026
Surgery;noon;12/01/2026
Surgery;night;12/01/2026
Surgery;morning;13/01/2026
Surgery;noon;13/01/2026
Surgery;night;13/01/2026
Surgery;morning;14/01/2026
Surgery;noon;14/01/2026
Surgery;night;14/01/2026
Surgery;morning;15/01/2026
Surgery;noon;15/01/2026
Surgery;night;15/01/2026
Surgery;morning;16/01/2026
Surgery;noon;16/01/2026
Surgery;night;16/01/2026
Surgery;morning;17/01/2026
Surgery;noon;17/01/2026
Surgery;night;17/01/2026
Surgery;morning;18/01/2026
Surgery;noon;18/01/2026
Surgery;night;18/01/2026
Surgery;morning;19/01/2026
Surgery;noon;19/01/2026
Surgery;night;19/01/2026
Surgery;morning;20/01/2026
Surgery;noon;20/01/2026
Surgery;night;20/01/2026
Surgery;morning;21/01/2026
Surgery;noon;21/01/2026
Surgery;night;21/01/2026
Surgery;morning;22/01/2026
Surgery;noon;22/01/2026
Surgery;night;22/01/2026
Surgery;morning;23/01/2026
Surgery;noon;23/01/2026
Surgery;night;23/01/2026
Surgery;morning;24/01/2026
Surgery;noon;24/01/2026
Surgery;night;24/01/2026
Surgery;morning;25/01/2026
Surgery;noon;25/01/2026
Surgery;night;25/01/2026
Surgery;morning;26/01/2026
Surgery;noon;26/01/2026
Surgery;night;26/01/2026
Surgery;morning;27/01/2026
Surgery;noon;27/01/2026
Surgery;night;27/01/2026
Surgery;morning;28/01/2026
Surgery;noon;28/01/2026
Surgery;night;28/01/2026
Surgery;morning;29/01/2026
Surgery;noon;29/01/2026
Surgery;night;29/01/2026
Surgery;morning;30/01/2026
Surgery;noon;30/01/2026
Surgery;night;30/01/2026
Surgery;morning;31/01/2026
Surgery;noon;31/01/2026
Surgery;night;31/01/2026
Surgery;morning;01/02/2026
Surgery;noon;01/02/2026
Surgery;night;01/02/2026
Surgery;morning;02/02/2026
Surgery;noon;02/02/2026
Surgery;night;02/02/2026
Surgery;morning;03/02/2026
Surgery;noon;03/02/2026
Surgery;night;03/02/2026
Surgery;morning;04/02/2026
Surgery;noon;04/02/2026
Surgery;night;04/02/2026
Surgery;morning;05/02/2026
Surgery;noon;05/02/2026
Surgery;night;05/02/2026
Surgery;morning;06/02/2026
Surgery;noon;06/02/2026
Surgery;night;06/02/2026
Surgery;morning;07/02/2026
Surgery;noon;07/02/2026
Surgery;night;07/02/2026
Surgery;morning;08/02/2026
Surgery;noon;08/02/2026
Surgery;night;08/02/2026
Surgery;morning;09/02/2026
Surgery;noon;09/02/2026
Surgery;night;09/02/2026
Surgery;morning;10/02/2026
Surgery;noon;10/02/2026
Surgery;night;10/02/2026
Surgery;morning;11/02/2026
Surgery;noon;11/02/2026
Surgery;night;11/02/2026
Surgery;morning;12/02/2026
Surgery;noon;12/02/2026
Surgery;night;12/02/2026
Surgery;morning;13/02/2026
Surgery;noon;13/02/2026
Surgery;night;13/02/2026
Surgery;morning;14/02/2026
Surgery;noon;14/02/2026
Surgery;night;14/02/2026
Surgery;morning;15/02/2026
Surgery;noon;15/02/2026
Surgery;night;15/02/2026
Surgery;morning;16/02/2026
Surgery;noon;16/02/2026
Surgery;night;16/02/2026
Surgery;morning;17/02/2026
Surgery;noon;17/02/2026
Surgery;night;17/02/2026
Surgery;morning;18/02/2026
Surgery;noon;18/02/2026
Surgery;night;18/02/2026
Surgery;morning;19/02/2026
Surgery;noon;19/02/2026
Surgery;night;19/02/2026
Surgery;morning;20/02/2026
Surgery;noon;20/02/2026
Surgery;night;20/02/2026
Surgery;morning;21/02/2026
Surgery;noon;21/02/2026
Surgery;night;21/02/2026
Surgery;morning;22/02/2026
Surgery;noon;22/02/2026
Surgery;night;22/02/2026
Surgery;morning;23/02/2026
Surgery;noon;23/02/2026
Surgery;night;23/02/2026
Surgery;morning;24/02/2026
Surgery;noon;24/02/2026
Surgery;night;24/02/2026
Surgery;morning;25/02/2026
Surgery;noon;25/02/2026
Surgery;night;25/02/2026
Surgery;morning;26/02/2026
Surgery;noon;26/02/2026
Surgery;night;26/02/2026
Surgery;morning;27/02/2026
Surgery;noon;27/02/2026
Surgery;night;27/02/2026
Surgery;morning;28/02/2026
Surgery;noon;28/02/2026
Surgery;night;28/02/2026
Internal Medicine;morning;01/01/2026
Internal Medicine;noon;01/01/2026
Internal Medicine;night;01/01/2026
Internal Medicine;morning;02/01/2026
Internal Medicine;noon;02/01/2026
Internal Medicine;night;02/01/2026
Internal Medicine;morning;03/01/2026
Internal Medicine;noon;03/01/2026
Internal Medicine;night;03/01/2026
Internal Medicine;morning;04/01/2026
Internal Medicine;noon;04/01/2026
Internal Medicine;night;04/01/2026
Internal Medicine;morning;05/01/2026
Internal Medicine;noon;05/01/2026
Internal Medicine;night;05/01/2026
Internal Medicine;morning;06/01/2026
Internal Medicine;noon;06/01/2026
Internal Medicine;night;06/01/2026
Internal Medicine;morning;07/01/2026
Internal Medicine;noon;07/01/2026
Internal Medicine;night;07/01/2026
Internal Medicine;morning;08/01/2026
Internal Medicine;noon;08/01/2026
Internal Medicine;night;08/01/2026
Internal Medicine;morning;09/01/2026
Internal Medicine;noon;09/01/2026
Internal Medicine;night;09/01/2026
Internal Medicine;morning;10/01/2026
Internal Medicine;noon;10/01/2026
Internal Medicine;night;10/01/2026
Internal Medicine;morning;11/01/2026
Internal Medicine;noon;11/01/2026
Internal Medicine;night;11/01/2026
Internal Medicine;morning;12/01/2026
Internal Medicine;noon;12/01/2026
Internal Medicine;night;12/01/2026
Internal Medicine;morning;13/01/2026
Internal Medicine;noon;13/01/2026
Internal Medicine;night;13/01/2026
Internal Medicine;morning;14/01/2026
Internal Medicine;noon;14/01/2026
Internal Medicine;night;14/01/2026
Internal Medicine;morning;15/01/2026
Internal Medicine;noon;15/01/2026
Internal Medicine;night;15/01/2026
Internal Medicine;morning;16/01/2026
Internal Medicine;noon;16/01/2026
Internal Medicine;night;16/01/2026
Internal Medicine;morning;17/01/2026
Internal Medicine;noon;17/01/2026
Internal Medicine;night;17/01/2026
Internal Medicine;morning;18/01/2026
Internal Medicine;noon;18/01/2026
Internal Medicine;night;18/01/2026
Internal Medicine;morning;19/01/2026
Internal Medicine;noon;19/01/2026
Internal Medicine;night;19/01/2026
Internal Medicine;morning;20/01/2026
Internal Medicine;noon;20/01/2026
Internal Medicine;night;20/01/2026
Internal Medicine;morning;21/01/2026
Internal Medicine;noon;21/01/2026
Internal Medicine;night;21/01/2026
Internal Medicine;morning;22/01/2026
Internal Medicine;noon;22/01/2026
Internal Medicine;night;22/01/2026
Internal Medicine;morning;23/01/2026
Internal Medicine;noon;23/01/2026
Internal Medicine;night;23/01/2026
Internal Medicine;morning;24/01/2026
Internal Medicine;noon;24/01/2026
Internal Medicine;night;24/01/2026
Internal Medicine;morning;25/01/2026
Internal Medicine;noon;25/01/2026
Internal Medicine;night;25/01/2026
Internal Medicine;morning;26/01/2026
Internal Medicine;noon;26/01/2026
Internal Medicine;night;26/01/2026
Internal Medicine;morning;27/01/2026
Internal Medicine;noon;27/01/2026
Internal Medicine;night;27/01/2026
Internal Medicine;morning;28/01/2026
Internal Medicine;noon;28/01/2026
Internal Medicine;night;28/01/2026
Internal Medicine;morning;29/01/2026
Internal Medicine;noon;29/01/2026
Internal Medicine;night;29/01/2026
Internal Medicine;morning;30/01/2026
Internal Medicine;noon;30/01/2026
Internal Medicine;night;30/01/2026
Internal Medicine;morning;31/01/2026
Internal Medicine;noon;31/01/2026
Internal Medicine;night;31/01/2026
Internal Medicine;morning;01/02/2026
Internal Medicine;noon;01/02/2026
Internal Medicine;night;01/02/2026
Internal Medicine;morning;02/02/2026
Internal Medicine;noon;02/02/2026
Internal Medicine;night;02/02/2026
Internal Medicine;morning;03/02/2026
Internal Medicine;noon;03/02/2026
Internal Medicine;night;03/02/2026
Internal Medicine;morning;04/02/2026
Internal Medicine;noon;04/02/2026
Internal Medicine;night;04/02/2026
Internal Medicine;morning;05/02/2026
Internal Medicine;noon;05/02/2026
Internal Medicine;night;05/02/2026
Internal Medicine;morning;06/02/2026
Internal Medicine;noon;06/02/2026
Internal Medicine;night;06/02/2026
Internal Medicine;morning;07/02/2026
Internal Medicine;noon;07/02/2026
Internal Medicine;night;07/02/2026
Internal Medicine;morning;08/02/2026
Internal Medicine;noon;08/02/2026
Internal Medicine;night;08/02/2026
Internal Medicine;morning;09/02/2026
Internal Medicine;noon;09/02/2026
Internal Medicine;night;09/02/2026
Internal Medicine;morning;10/02/2026
Internal Medicine;noon;10/02/2026
Internal Medicine;night;10/02/2026
Internal Medicine;morning;11/02/2026
Internal Medicine;noon;11/02/2026
Internal Medicine;night;11/02/2026
Internal Medicine;morning;12/02/2026
Internal Medicine;noon;12/02/2026
Internal Medicine;night;12/02/2026
Internal Medicine;morning;13/02/2026
Internal Medicine;noon;13/02/2026
Internal Medicine;night;13/02/2026
Internal Medicine;morning;14/02/2026
Internal Medicine;noon;14/02/2026
Internal Medicine;night;14/02/2026
Internal Medicine;morning;15/02/2026
Internal Medicine;noon;15/02/2026
Internal Medicine;night;15/02/2026
Internal Medicine;morning;16/02/2026
Internal Medicine;noon;16/02/2026
Internal Medicine;night;16/02/2026
Internal Medicine;morning;17/02/2026
Internal Medicine;noon;17/02/2026
Internal Medicine;night;17/02/2026
Internal Medicine;morning;18/02/2026
Internal Medicine;noon;18/02/2026
Internal Medicine;night;18/02/2026
Internal Medicine;morning;19/02/2026
Internal Medicine;noon;19/02/2026
Internal Medicine;night;19/02/2026
Internal Medicine;morning;20/02/2026
Internal Medicine;noon;20/02/2026
Internal Medicine;night;20/02/2026
Internal Medicine;morning;21/02/2026
Internal Medicine;noon;21/02/2026
Internal Medicine;night;21/02/2026
Internal Medicine;morning;22/02/2026
Internal Medicine;noon;22/02/2026
Internal Medicine;night;22/02/2026
Internal Medicine;morning;23/02/2026
Internal Medicine;noon;23/02/2026
Internal Medicine;night;23/02/2026
Internal Medicine;morning;24/02/2026
Internal Medicine;noon;24/02/2026
Internal Medicine;night;24/02/2026
Internal Medicine;morning;25/02/2026
Internal Medicine;noon;25/02/2026
Internal Medicine;night;25/02/2026
Internal Medicine;morning;26/02/2026
Internal Medicine;noon;26/02/2026
Internal Medicine;night;26/02/2026
Internal Medicine;morning;27/02/2026
Internal Medicine;noon;27/02/2026
Internal Medicine;night;27/02/2026
Internal Medicine;morning;28/02/2026
Internal Medicine;noon;28/02/2026
Internal Medicine;night;28/02/2026
ICU;morning;01/01/2026
ICU;noon;01/01/2026
ICU;night;01/01/2026
ICU;morning;02/01/2026
ICU;noon;02/01/2026
ICU;night;02/01/2026
ICU;morning;03/01/2026
ICU;noon;03/01/2026
ICU;night;03/01/2026
ICU;morning;04/01/2026
ICU;noon;04/01/2026
ICU;night;04/01/2026
ICU;morning;05/01/2026
ICU;noon;05/01/2026
ICU;night;05/01/2026
ICU;morning;06/01/2026
ICU;noon;06/01/2026
ICU;night;06/01/2026
ICU;morning;07/01/2026
ICU;noon;07/01/2026
ICU;night;07/01/2026
ICU;morning;08/01/2026
ICU;noon;08/01/2026
ICU;night;08/01/2026
ICU;morning;09/01/2026
ICU;noon;09/01/2026
ICU;night;09/01/2026
ICU;morning;10/01/2026
ICU;noon;10/01/2026
ICU;night;10/01/2026
ICU;morning;11/01/2026
ICU;noon;11/01/2026
ICU;night;11/01/2026
ICU;morning;12/01/2026
ICU;noon;12/01/2026
ICU;night;12/01/2026
ICU;morning;13/01/2026
ICU;noon;13/01/2026
ICU;night;13/01/2026
ICU;morning;14/01/2026
ICU;noon;14/01/2026
ICU;night;14/01/2026
ICU;morning;15/01/2026
ICU;noon;15/01/2026
ICU;night;15/01/2026
ICU;morning;16/01/2026
ICU;noon;16/01/2026
ICU;night;16/01/2026
ICU;morning;17/01/2026
ICU;noon;17/01/2026
ICU;night;17/01/2026
ICU;morning;18/01/2026
ICU;noon;18/01/2026
ICU;night;18/01/2026
ICU;morning;19/01/2026
ICU;noon;19/01/2026
ICU;night;19/01/2026
ICU;morning;20/01/2026
ICU;noon;20/01/2026
ICU;night;20/01/2026
ICU;morning;21/01/2026
ICU;noon;21/01/2026
ICU;night;21/01/2026
ICU;morning;22/01/2026
ICU;noon;22/01/2026
ICU;night;22/01/2026
ICU;morning;23/01/2026
ICU;noon;23/01/2026
ICU;night;23/01/2026
ICU;morning;24/01/2026
ICU;noon;24/01/2026
ICU;night;24/01/2026
ICU;morning;25/01/2026
ICU;noon;25/01/2026
ICU;night;25/01/2026
ICU;morning;26/01/2026
ICU;noon;26/01/2026
ICU;night;26/01/2026
ICU;morning;27/01/2026
ICU;noon;27/01/2026
ICU;night;27/01/2026
ICU;morning;28/01/2026
ICU;noon;28/01/2026
ICU;night;28/01/2026
ICU;morning;29/01/2026
ICU;noon;29/01/2026
ICU;night;29/01/2026
ICU;morning;30/01/2026
ICU;noon;30/01/2026
ICU;night;30/01/2026
ICU;morning;31/01/2026
ICU;noon;31/01/2026
ICU;night;31/01/2026
ICU;morning;01/02/2026
ICU;noon;01/02/2026
ICU;night;01/02/2026
ICU;morning;02/02/2026
ICU;noon;02/02/2026
ICU;night;02/02/2026
ICU;morning;03/02/2026
ICU;noon;03/02/2026
ICU;night;03/02/2026
ICU;morning;04/02/2026
ICU;noon;04/02/2026
ICU;night;04/02/2026
ICU;morning;05/02/2026
ICU;noon;05/02/2026
ICU;night;05/02/2026
ICU;morning;06/02/2026
ICU;noon;06/02/2026
ICU;night;06/02/2026
ICU;morning;07/02/2026
ICU;noon;07/02/2026
ICU;night;07/02/2026
ICU;morning;08/02/2026
ICU;noon;08/02/2026
ICU;night;08/02/2026
ICU;morning;09/02/2026
ICU;noon;09/02/2026
ICU;night;09/02/2026
ICU;morning;10/02/2026
ICU;noon;10/02/2026
ICU;night;10/02/2026
ICU;morning;11/02/2026
ICU;noon;11/02/2026
ICU;night;11/02/2026
ICU;morning;12/02/2026
ICU;noon;12/02/2026
ICU;night;12/02/2026
ICU;morning;13/02/2026
ICU;noon;13/02/2026
ICU;night;13/02/2026
ICU;morning;14/02/2026
ICU;noon;14/02/2026
ICU;night;14/02/2026
ICU;morning;15/02/2026
ICU;noon;15/02/2026
ICU;night;15/02/2026
ICU;morning;16/02/2026
ICU;noon;16/02/2026
ICU;night;16/02/2026
ICU;morning;17/02/2026
ICU;noon;17/02/2026
ICU;night;17/02/2026
ICU;morning;18/02/2026
ICU;noon;18/02/2026
ICU;night;18/02/2026
ICU;morning;19/02/2026
ICU;noon;19/02/2026
ICU;night;19/02/2026
ICU;morning;20/02/2026
ICU;noon;20/02/2026
ICU;night;20/02/2026
ICU;morning;21/02/2026
ICU;noon;21/02/2026
ICU;night;21/02/2026
ICU;morning;22/02/2026
ICU;noon;22/02/2026
ICU;night;22/02/2026
ICU;morning;23/02/2026
ICU;noon;23/02/2026
ICU;night;23/02/2026
ICU;morning;24/02/2026
ICU;noon;24/02/2026
ICU;night;24/02/2026
ICU;morning;25/02/2026
ICU;noon;25/02/2026
ICU;night;25/02/2026
ICU;morning;26/02/2026
ICU;noon;26/02/2026
ICU;night;26/02/2026
ICU;morning;27/02/2026
ICU;noon;27/02/2026
ICU;night;27/02/2026
ICU;morning;28/02/2026
ICU;noon;28/02/2026
ICU;night;28/02/2026
Emergency;morning;01/01/2026
Emergency;noon;01/01/2026
Emergency;night;01/01/2026
Emergency;morning;02/01/2026
Emergency;noon;02/01/2026
Emergency;night;02/01/2026
Emergency;morning;03/01/2026
Emergency;noon;03/01/2026
Emergency;night;03/01/2026
Emergency;morning;04/01/2026
Emergency;noon;04/01/2026
Emergency;night;04/01/2026
Emergency;morning;05/01/2026
Emergency;noon;05/01/2026
Emergency;night;05/01/2026
Emergency;morning;06/01/2026
Emergency;noon;06/01/2026
Emergency;night;06/01/2026
Emergency;morning;07/01/2026
Emergency;noon;07/01/2026
Emergency;night;07/01/2026
Emergency;morning;08/01/2026
Emergency;noon;08/01/2026
Emergency;night;08/01/2026
Emergency;morning;09/01/2026
Emergency;noon;09/01/2026
Emergency;night;09/01/2026
Emergency;morning;10/01/2026
Emergency;noon;10/01/2026
Emergency;night;10/01/2026
Emergency;morning;11/01/2026
Emergency;noon;11/01/2026
Emergency;night;11/01/2026
Emergency;morning;12/01/2026
Emergency;noon;12/01/2026
Emergency;night;12/01/2026
Emergency;morning;13/01/2026
Emergency;noon;13/01/2026
Emergency;night;13/01/2026
Emergency;morning;14/01/2026
Emergency;noon;14/01/2026
Emergency;night;14/01/2026
Emergency;morning;15/01/2026
Emergency;noon;15/01/2026
Emergency;night;15/01/2026
Emergency;morning;16/01/2026
Emergency;noon;16/01/2026
Emergency;night;16/01/2026
Emergency;morning;17/01/2026
Emergency;noon;17/01/2026
Emergency;night;17/01/2026
Emergency;morning;18/01/2026
Emergency;noon;18/01/2026
Emergency;night;18/01/2026
Emergency;morning;19/01/2026
Emergency;noon;19/01/2026
Emergency;night;19/01/2026
Emergency;morning;20/01/2026
Emergency;noon;20/01/2026
Emergency;night;20/01/2026
Emergency;morning;21/01/2026
Emergency;noon;21/01/2026
Emergency;night;21/01/2026
Emergency;morning;22/01/2026
Emergency;noon;22/01/2026
Emergency;night;22/01/2026
Emergency;morning;23/01/2026
Emergency;noon;23/01/2026
Emergency;night;23/01/2026
Emergency;morning;24/01/2026
Emergency;noon;24/01/2026
Emergency;night;24/01/2026
Emergency;morning;25/01/2026
Emergency;noon;25/01/2026
Emergency;night;25/01/2026
Emergency;morning;26/01/2026
Emergency;noon;26/01/2026
Emergency;night;26/01/2026
Emergency;morning;27/01/2026
Emergency;noon;27/01/2026
Emergency;night;27/01/2026
Emergency;morning;28/01/2026
Emergency;noon;28/01/2026
Emergency;night;28/01/2026
Emergency;morning;29/01/2026
Emergency;noon;29/01/2026
Emergency;night;29/01/2026
Emergency;morning;30/01/2026
Emergency;noon;30/01/2026
Emergency;night;30/01/2026
Emergency;morning;31/01/2026
Emergency;noon;31/01/2026
Emergency;night;31/01/2026
Emergency;morning;01/02/2026
Emergency;noon;01/02/2026
Emergency;night;01/02/2026
Emergency;morning;02/02/2026
Emergency;noon;02/02/2026
Emergency;night;02/02/2026
Emergency;morning;03/02/2026
Emergency;noon;03/02/2026
Emergency;night;03/02/2026
Emergency;morning;04/02/2026
Emergency;noon;04/02/2026
Emergency;night;04/02/2026
Emergency;morning;05/02/2026
Emergency;noon;05/02/2026
Emergency;night;05/02/2026
Emergency;morning;06/02/2026
Emergency;noon;06/02/2026
Emergency;night;06/02/2026
Emergency;morning;07/02/2026
Emergency;noon;07/02/2026
Emergency;night;07/02/2026
Emergency;morning;08/02/2026
Emergency;noon;08/02/2026
Emergency;night;08/02/2026
Emergency;morning;09/02/2026
Emergency;noon;09/02/2026
Emergency;night;09/02/2026
Emergency;morning;10/02/2026
Emergency;noon;10/02/2026
Emergency;night;10/02/2026
Emergency;morning;11/02/2026
Emergency;noon;11/02/2026
Emergency;night;11/02/2026
Emergency;morning;12/02/2026
Emergency;noon;12/02/2026
Emergency;night;12/02/2026
Emergency;morning;13/02/2026
Emergency;noon;13/02/2026
Emergency;night;13/02/2026
Emergency;morning;14/02/2026
Emergency;noon;14/02/2026
Emergency;night;14/02/2026
Emergency;morning;15/02/2026
Emergency;noon;15/02/2026
Emergency;night;15/02/2026
Emergency;morning;16/02/2026
Emergency;noon;16/02/2026
Emergency;night;16/02/2026
Emergency;morning;17/02/2026
Emergency;noon;17/02/2026
Emergency;night;17/02/2026
Emergency;morning;18/02/2026
Emergency;noon;18/02/2026
Emergency;night;18/02/2026
Emergency;morning;19/02/2026
Emergency;noon;19/02/2026
Emergency;night;19/02/2026
Emergency;morning;20/02/2026
Emergency;noon;20/02/2026
Emergency;night;20/02/2026
Emergency;morning;21/02/2026
Emergency;noon;21/02/2026
Emergency;night;21/02/2026
Emergency;morning;22/02/2026
Emergency;noon;22/02/2026
Emergency;night;22/02/2026
Emergency;morning;23/02/2026
Emergency;noon;23/02/2026
Emergency;night;23/02/2026
Emergency;morning;24/02/2026
Emergency;noon;24/02/2026
Emergency;night;24/02/2026
Emergency;morning;25/02/2026
Emergency;noon;25/02/2026
Emergency;night;25/02/2026
Emergency;morning;26/02/2026
Emergency;noon;26/02/2026
Emergency;night;26/02/2026
Emergency;morning;27/02/2026
Emergency;noon;27/02/2026
Emergency;night;27/02/2026
Emergency;morning;28/02/2026
Emergency;noon;28/02/2026
Emergency;night;28/02/2026
Pediatrics;morning;01/01/2026
Pediatrics;noon;01/01/2026
Pediatrics;night;01/01/2026
Pediatrics;morning;02/01/2026
Pediatrics;noon;02/01/2026
Pediatrics;night;02/01/2026
Pediatrics;morning;03/01/2026
Pediatrics;noon;03/01/2026
Pediatrics;night;03/01/2026
Pediatrics;morning;04/01/2026
Pediatrics;noon;04/01/2026
Pediatrics;night;04/01/2026
Pediatrics;morning;05/01/2026
Pediatrics;noon;05/01/2026
Pediatrics;night;05/01/2026
Pediatrics;morning;06/01/2026
Pediatrics;noon;06/01/2026
Pediatrics;night;06/01/2026
Pediatrics;morning;07/01/2026
Pediatrics;noon;07/01/2026
Pediatrics;night;07/01/2026
Pediatrics;morning;08/01/2026
Pediatrics;noon;08/01/2026
Pediatrics;night;08/01/2026
Pediatrics;morning;09/01/2026
Pediatrics;noon;09/01/2026
Pediatrics;night;09/01/2026
Pediatrics;morning;10/01/2026
Pediatrics;noon;10/01/2026
Pediatrics;night;10/01/2026
Pediatrics;morning;11/01/2026
Pediatrics;noon;11/01/2026
Pediatrics;night;11/01/2026
Pediatrics;morning;12/01/2026
Pediatrics;noon;12/01/2026
Pediatrics;night;12/01/2026
Pediatrics;morning;13/01/2026
Pediatrics;noon;13/01/2026
Pediatrics;night;13/01/2026
Pediatrics;morning;14/01/2026
Pediatrics;noon;14/01/2026
Pediatrics;night;14/01/2026
Pediatrics;morning;15/01/2026
Pediatrics;noon;15/01/2026
Pediatrics;night;15/01/2026
Pediatrics;morning;16/01/2026
Pediatrics;noon;16/01/2026
Pediatrics;night;16/01/2026
Pediatrics;morning;17/01/2026
Pediatrics;noon;17/01/2026
Pediatrics;night;17/01/2026
Pediatrics;morning;18/01/2026
Pediatrics;noon;18/01/2026
Pediatrics;night;18/01/2026
Pediatrics;morning;19/01/2026
Pediatrics;noon;19/01/2026
Pediatrics;night;19/01/2026
Pediatrics;morning;20/01/2026
Pediatrics;noon;20/01/2026
Pediatrics;night;20/01/2026
Pediatrics;morning;21/01/2026
Pediatrics;noon;21/01/2026
Pediatrics;night;21/01/2026
Pediatrics;morning;22/01/2026
Pediatrics;noon;22/01/2026
Pediatrics;night;22/01/2026
Pediatrics;morning;23/01/2026
Pediatrics;noon;23/01/2026
Pediatrics;night;23/01/2026
Pediatrics;morning;24/01/2026
Pediatrics;noon;24/01/2026
Pediatrics;night;24/01/2026
Pediatrics;morning;25/01/2026
Pediatrics;noon;25/01/2026
Pediatrics;night;25/01/2026
Pediatrics;morning;26/01/2026
Pediatrics;noon;26/01/2026
Pediatrics;night;26/01/2026
Pediatrics;morning;27/01/2026
Pediatrics;noon;27/01/2026
Pediatrics;night;27/01/2026
Pediatrics;morning;28/01/2026
Pediatrics;noon;28/01/2026
Pediatrics;night;28/01/2026
Pediatrics;morning;29/01/2026
Pediatrics;noon;29/01/2026
Pediatrics;night;29/01/2026
Pediatrics;morning;30/01/2026
Pediatrics;noon;30/01/2026
Pediatrics;night;30/01/2026
Pediatrics;morning;31/01/2026
Pediatrics;noon;31/01/2026
Pediatrics;night;31/01/2026
Pediatrics;morning;01/02/2026
Pediatrics;noon;01/02/2026
Pediatrics;night;01/02/2026
Pediatrics;morning;02/02/2026
Pediatrics;noon;02/02/2026
Pediatrics;night;02/02/2026
Pediatrics;morning;03/02/2026
Pediatrics;noon;03/02/2026
Pediatrics;night;03/02/2026
Pediatrics;morning;04/02/2026
Pediatrics;noon;04/02/2026
Pediatrics;night;04/02/2026
Pediatrics;morning;05/02/2026
Pediatrics;noon;05/02/2026
Pediatrics;night;05/02/2026
Pediatrics;morning;06/02/2026
Pediatrics;noon;06/02/2026
Pediatrics;night;06/02/2026
Pediatrics;morning;07/02/2026
Pediatrics;noon;07/02/2026
Pediatrics;night;07/02/2026
Pediatrics;morning;08/02/2026
Pediatrics;noon;08/02/2026
Pediatrics;night;08/02/2026
Pediatrics;morning;09/02/2026
Pediatrics;noon;09/02/2026
Pediatrics;night;09/02/2026
Pediatrics;morning;10/02/2026
Pediatrics;noon;10/02/2026
Pediatrics;night;10/02/2026
Pediatrics;morning;11/02/2026
Pediatrics;noon;11/02/2026
Pediatrics;night;11/02/2026
Pediatrics;morning;12/02/2026
Pediatrics;noon;12/02/2026
Pediatrics;night;12/02/2026
Pediatrics;morning;13/02/2026
Pediatrics;noon;13/02/2026
Pediatrics;night;13/02/2026
Pediatrics;morning;14/02/2026
Pediatrics;noon;14/02/2026
Pediatrics;night;14/02/2026
Pediatrics;morning;15/02/2026
Pediatrics;noon;15/02/2026
Pediatrics;night;15/02/2026
Pediatrics;morning;16/02/2026
Pediatrics;noon;16/02/2026
Pediatrics;night;16/02/2026
Pediatrics;morning;17/02/2026
Pediatrics;noon;17/02/2026
Pediatrics;night;17/02/2026
Pediatrics;morning;18/02/2026
Pediatrics;noon;18/02/2026
Pediatrics;night;18/02/2026
Pediatrics;morning;19/02/2026
Pediatrics;noon;19/02/2026
Pediatrics;night;19/02/2026
Pediatrics;morning;20/02/2026
Pediatrics;noon;20/02/2026
Pediatrics;night;20/02/2026
Pediatrics;morning;21/02/2026
Pediatrics;noon;21/02/2026
Pediatrics;night;21/02/2026
Pediatrics;morning;22/02/2026
Pediatrics;noon;22/02/2026
Pediatrics;night;22/02/2026
Pediatrics;morning;23/02/2026
Pediatrics;noon;23/02/2026
Pediatrics;night;23/02/2026
Pediatrics;morning;24/02/2026
Pediatrics;noon;24/02/2026
Pediatrics;night;24/02/2026
Pediatrics;morning;25/02/2026
Pediatrics;noon;25/02/2026
Pediatrics;night;25/02/2026
Pediatrics;morning;26/02/2026
Pediatrics;noon;26/02/2026
Pediatrics;night;26/02/2026
Pediatrics;morning;27/02/2026
Pediatrics;noon;27/02/2026
Pediatrics;night;27/02/2026
Pediatrics;morning;28/02/2026
Pediatrics;noon;28/02/2026
Pediatrics;night;28/02/2026
Orthopedics;morning;01/01/2026
Orthopedics;noon;01/01/2026
Orthopedics;night;01/01/2026
Orthopedics;morning;02/01/2026
Orthopedics;noon;02/01/2026
Orthopedics;night;02/01/2026
Orthopedics;morning;03/01/2026
Orthopedics;noon;03/01/2026
Orthopedics;night;03/01/2026
Orthopedics;morning;04/01/2026
Orthopedics;noon;04/01/2026
Orthopedics;night;04/01/2026
Orthopedics;morning;05/01/2026
Orthopedics;noon;05/01/2026
Orthopedics;night;05/01/2026
Orthopedics;morning;06/01/2026
Orthopedics;noon;06/01/2026
Orthopedics;night;06/01/2026
Orthopedics;morning;07/01/2026
Orthopedics;noon;07/01/2026
Orthopedics;night;07/01/2026
Orthopedics;morning;08/01/2026
Orthopedics;noon;08/01/2026
Orthopedics;night;08/01/2026
Orthopedics;morning;09/01/2026
Orthopedics;noon;09/01/2026
Orthopedics;night;09/01/2026
Orthopedics;morning;10/01/2026
Orthopedics;noon;10/01/2026
Orthopedics;night;10/01/2026
Orthopedics;morning;11/01/2026
Orthopedics;noon;11/01/2026
Orthopedics;night;11/01/2026
Orthopedics;morning;12/01/2026
Orthopedics;noon;12/01/2026
Orthopedics;night;12/01/2026
Orthopedics;morning;13/01/2026
Orthopedics;noon;13/01/2026
Orthopedics;night;13/01/2026
Orthopedics;morning;14/01/2026
Orthopedics;noon;14/01/2026
Orthopedics;night;14/01/2026
Orthopedics;morning;15/01/2026
Orthopedics;noon;15/01/2026
Orthopedics;night;15/01/2026
Orthopedics;morning;16/01/2026
Orthopedics;noon;16/01/2026
Orthopedics;night;16/01/2026
Orthopedics;morning;17/01/2026
Orthopedics;noon;17/01/2026
Orthopedics;night;17/01/2026
Orthopedics;morning;18/01/2026
Orthopedics;noon;18/01/2026
Orthopedics;night;18/01/2026
Orthopedics;morning;19/01/2026
Orthopedics;noon;19/01/2026
Orthopedics;night;19/01/2026
Orthopedics;morning;20/01/2026
Orthopedics;noon;20/01/2026
Orthopedics;night;20/01/2026
Orthopedics;morning;21/01/2026
Orthopedics;noon;21/01/2026
Orthopedics;night;21/01/2026
Orthopedics;morning;22/01/2026
Orthopedics;noon;22/01/2026
Orthopedics;night;22/01/2026
Orthopedics;morning;23/01/2026
Orthopedics;noon;23/01/2026
Orthopedics;night;23/01/2026
Orthopedics;morning;24/01/2026
Orthopedics;noon;24/01/2026
Orthopedics;night;24/01/2026
Orthopedics;morning;25/01/2026
Orthopedics;noon;25/01/2026
Orthopedics;night;25/01/2026
Orthopedics;morning;26/01/2026
Orthopedics;noon;26/01/2026
Orthopedics;night;26/01/2026
Orthopedics;morning;27/01/2026
Orthopedics;noon;27/01/2026
Orthopedics;night;27/01/2026
Orthopedics;morning;28/01/2026
Orthopedics;noon;28/01/2026
Orthopedics;night;28/01/2026
Orthopedics;morning;29/01/2026
Orthopedics;noon;29/01/2026
Orthopedics;night;29/01/2026
Orthopedics;morning;30/01/2026
Orthopedics;noon;30/01/2026
Orthopedics;night;30/01/2026
Orthopedics;morning;31/01/2026
Orthopedics;noon;31/01/2026
Orthopedics;night;31/01/2026
Orthopedics;morning;01/02/2026
Orthopedics;noon;01/02/2026
Orthopedics;night;01/02/2026
Orthopedics;morning;02/02/2026
Orthopedics;noon;02/02/2026
Orthopedics;night;02/02/2026
Orthopedics;morning;03/02/2026
Orthopedics;noon;03/02/2026
Orthopedics;night;03/02/2026
Orthopedics;morning;04/02/2026
Orthopedics;noon;04/02/2026
Orthopedics;night;04/02/2026
Orthopedics;morning;05/02/2026
Orthopedics;noon;05/02/2026
Orthopedics;night;05/02/2026
Orthopedics;morning;06/02/2026
Orthopedics;noon;06/02/2026
Orthopedics;night;06/02/2026
Orthopedics;morning;07/02/2026
Orthopedics;noon;07/02/2026
Orthopedics;night;07/02/2026
Orthopedics;morning;08/02/2026
Orthopedics;noon;08/02/2026
Orthopedics;night;08/02/2026
Orthopedics;morning;09/02/2026
Orthopedics;noon;09/02/2026
Orthopedics;night;09/02/2026
Orthopedics;morning;10/02/2026
Orthopedics;noon;10/02/2026
Orthopedics;night;10/02/2026
Orthopedics;morning;11/02/2026
Orthopedics;noon;11/02/2026
Orthopedics;night;11/02/2026
Orthopedics;morning;12/02/2026
Orthopedics;noon;12/02/2026
Orthopedics;night;12/02/2026
Orthopedics;morning;13/02/2026
Orthopedics;noon;13/02/2026
Orthopedics;night;13/02/2026
Orthopedics;morning;14/02/2026
Orthopedics;noon;14/02/2026
Orthopedics;night;14/02/2026
Orthopedics;morning;15/02/2026
Orthopedics;noon;15/02/2026
Orthopedics;night;15/02/2026
Orthopedics;morning;16/02/2026
Orthopedics;noon;16/02/2026
Orthopedics;night;16/02/2026
Orthopedics;morning;17/02/2026
Orthopedics;noon;17/02/2026
Orthopedics;night;17/02/2026
Orthopedics;morning;18/02/2026
Orthopedics;noon;18/02/2026
Orthopedics;night;18/02/2026
Orthopedics;morning;19/02/2026
Orthopedics;noon;19/02/2026
Orthopedics;night;19/02/2026
Orthopedics;morning;20/02/2026
Orthopedics;noon;20/02/2026
Orthopedics;night;20/02/2026
Orthopedics;morning;21/02/2026
Orthopedics;noon;21/02/2026
Orthopedics;night;21/02/2026
Orthopedics;morning;22/02/2026
Orthopedics;noon;22/02/2026
Orthopedics;night;22/02/2026
Orthopedics;morning;23/02/2026
Orthopedics;noon;23/02/2026
Orthopedics;night;23/02/2026
Orthopedics;morning;24/02/2026
Orthopedics;noon;24/02/2026
Orthopedics;night;24/02/2026
Orthopedics;morning;25/02/2026
Orthopedics;noon;25/02/2026
Orthopedics;night;25/02/2026
Orthopedics;morning;26/02/2026
Orthopedics;noon;26/02/2026
Orthopedics;night;26/02/2026
Orthopedics;morning;27/02/2026
Orthopedics;noon;27/02/2026
Orthopedics;night;27/02/2026
Orthopedics;morning;28/02/2026
Orthopedics;noon;28/02/2026
Orthopedics;night;28/02/2026
Urology;morning;01/01/2026
Urology;noon;01/01/2026
Urology;night;01/01/2026
Urology;morning;02/01/2026
Urology;noon;02/01/2026
Urology;night;02/01/2026
Urology;morning;03/01/2026
Urology;noon;03/01/2026
Urology;night;03/01/2026
Urology;morning;04/01/2026
Urology;noon;04/01/2026
Urology;night;04/01/2026
Urology;morning;05/01/2026
Urology;noon;05/01/2026
Urology;night;05/01/2026
Urology;morning;06/01/2026
Urology;noon;06/01/2026
Urology;night;06/01/2026
Urology;morning;07/01/2026
Urology;noon;07/01/2026
Urology;night;07/01/2026
Urology;morning;08/01/2026
Urology;noon;08/01/2026
Urology;night;08/01/2026
Urology;morning;09/01/2026
Urology;noon;09/01/2026
Urology;night;09/01/2026
Urology;morning;10/01/2026
Urology;noon;10/01/2026
Urology;night;10/01/2026
Urology;morning;11/01/2026
Urology;noon;11/01/2026
Urology;night;11/01/2026
Urology;morning;12/01/2026
Urology;noon;12/01/2026
Urology;night;12/01/2026
Urology;morning;13/01/2026
Urology;noon;13/01/2026
Urology;night;13/01/2026
Urology;morning;14/01/2026
Urology;noon;14/01/2026
Urology;night;14/01/2026
Urology;morning;15/01/2026
Urology;noon;15/01/2026
Urology;night;15/01/2026
Urology;morning;16/01/2026
Urology;noon;16/01/2026
Urology;night;16/01/2026
Urology;morning;17/01/2026
Urology;noon;17/01/2026
Urology;night;17/01/2026
Urology;morning;18/01/2026
Urology;noon;18/01/2026
Urology;night;18/01/2026
Urology;morning;19/01/2026
Urology;noon;19/01/2026
Urology;night;19/01/2026
Urology;morning;20/01/2026
Urology;noon;20/01/2026
Urology;night;20/01/2026
Urology;morning;21/01/2026
Urology;noon;21/01/2026
Urology;night;21/01/2026
Urology;morning;22/01/2026
Urology;noon;22/01/2026
Urology;night;22/01/2026
Urology;morning;23/01/2026
Urology;noon;23/01/2026
Urology;night;23/01/2026
Urology;morning;24/01/2026
Urology;noon;24/01/2026
Urology;night;24/01/2026
Urology;morning;25/01/2026
Urology;noon;25/01/2026
Urology;night;25/01/2026
Urology;morning;26/01/2026
Urology;noon;26/01/2026
Urology;night;26/01/2026
Urology;morning;27/01/2026
Urology;noon;27/01/2026
Urology;night;27/01/2026
Urology;morning;28/01/2026
Urology;noon;28/01/2026
Urology;night;28/01/2026
Urology;morning;29/01/2026
Urology;noon;29/01/2026
Urology;night;29/01/2026
Urology;morning;30/01/2026
Urology;noon;30/01/2026
Urology;night;30/01/2026
Urology;morning;31/01/2026
Urology;noon;31/01/2026
Urology;night;31/01/2026
Urology;morning;01/02/2026
Urology;noon;01/02/2026
Urology;night;01/02/2026
Urology;morning;02/02/2026
Urology;noon;02/02/2026
Urology;night;02/02/2026
Urology;morning;03/02/2026
Urology;noon;03/02/2026
Urology;night;03/02/2026
Urology;morning;04/02/2026
Urology;noon;04/02/2026
Urology;night;04/02/2026
Urology;morning;05/02/2026
Urology;noon;05/02/2026
Urology;night;05/02/2026
Urology;morning;06/02/2026
Urology;noon;06/02/2026
Urology;night;06/02/2026
Urology;morning;07/02/2026
Urology;noon;07/02/2026
Urology;night;07/02/2026
Urology;morning;08/02/2026
Urology;noon;08/02/2026
Urology;night;08/02/2026
Urology;morning;09/02/2026
Urology;noon;09/02/2026
Urology;night;09/02/2026
Urology;morning;10/02/2026
Urology;noon;10/02/2026
Urology;night;10/02/2026
Urology;morning;11/02/2026
Urology;noon;11/02/2026
Urology;night;11/02/2026
Urology;morning;12/02/2026
Urology;noon;12/02/2026
Urology;night;12/02/2026
Urology;morning;13/02/2026
Urology;noon;13/02/2026
Urology;night;13/02/2026
Urology;morning;14/02/2026
Urology;noon;14/02/2026
Urology;night;14/02/2026
Urology;morning;15/02/2026
Urology;noon;15/02/2026
Urology;night;15/02/2026
Urology;morning;16/02/2026
Urology;noon;16/02/2026
Urology;night;16/02/2026
Urology;morning;17/02/2026
Urology;noon;17/02/2026
Urology;night;17/02/2026
Urology;morning;18/02/2026
Urology;noon;18/02/2026
Urology;night;18/02/2026
Urology;morning;19/02/2026
Urology;noon;19/02/2026
Urology;night;19/02/2026
Urology;morning;20/02/2026
Urology;noon;20/02/2026
Urology;night;20/02/2026
Urology;morning;21/02/2026
Urology;noon;21/02/2026
Urology;night;21/02/2026
Urology;morning;22/02/2026
Urology;noon;22/02/2026
Urology;night;22/02/2026
Urology;morning;23/02/2026
Urology;noon;23/02/2026
Urology;night;23/02/2026
Urology;morning;24/02/2026
Urology;noon;24/02/2026
Urology;night;24/02/2026
Urology;morning;25/02/2026
Urology;noon;25/02/2026
Urology;night;25/02/2026
Urology;morning;26/02/2026
Urology;noon;26/02/2026
Urology;night;26/02/2026
Urology;morning;27/02/2026
Urology;noon;27/02/2026
Urology;night;27/02/2026
Urology;morning;28/02/2026
Urology;noon;28/02/2026
Urology;night;28/02/2026
Gynecology;morning;01/01/2026
Gynecology;noon;01/01/2026
Gynecology;night;01/01/2026
Gynecology;morning;02/01/2026
Gynecology;noon;02/01/2026
Gynecology;night;02/01/2026
Gynecology;morning;03/01/2026
Gynecology;noon;03/01/2026
Gynecology;night;03/01/2026
Gynecology;morning;04/01/2026
Gynecology;noon;04/01/2026
Gynecology;night;04/01/2026
Gynecology;morning;05/01/2026
Gynecology;noon;05/01/2026
Gynecology;night;05/01/2026
Gynecology;morning;06/01/2026
Gynecology;noon;06/01/2026
Gynecology;night;06/01/2026
Gynecology;morning;07/01/2026
Gynecology;noon;07/01/2026
Gynecology;night;07/01/2026
Gynecology;morning;08/01/2026
Gynecology;noon;08/01/2026
Gynecology;night;08/01/2026
Gynecology;morning;09/01/2026
Gynecology;noon;09/01/2026
Gynecology;night;09/01/2026
Gynecology;morning;10/01/2026
Gynecology;noon;10/01/2026
Gynecology;night;10/01/2026
Gynecology;morning;11/01/2026
Gynecology;noon;11/01/2026
Gynecology;night;11/01/2026
Gynecology;morning;12/01/2026
Gynecology;noon;12/01/2026
Gynecology;night;12/01/2026
Gynecology;morning;13/01/2026
Gynecology;noon;13/01/2026
Gynecology;night;13/01/2026
Gynecology;morning;14/01/2026
Gynecology;noon;14/01/2026
Gynecology;night;14/01/2026
Gynecology;morning;15/01/2026
Gynecology;noon;15/01/2026
Gynecology;night;15/01/2026
Gynecology;morning;16/01/2026
Gynecology;noon;16/01/2026
Gynecology;night;16/01/2026
Gynecology;morning;17/01/2026
Gynecology;noon;17/01/2026
Gynecology;night;17/01/2026
Gynecology;morning;18/01/2026
Gynecology;noon;18/01/2026
Gynecology;night;18/01/2026
Gynecology;morning;19/01/2026
Gynecology;noon;19/01/2026
Gynecology;night;19/01/2026
Gynecology;morning;20/01/2026
Gynecology;noon;20/01/2026
Gynecology;night;20/01/2026
Gynecology;morning;21/01/2026
Gynecology;noon;21/01/2026
Gynecology;night;21/01/2026
Gynecology;morning;22/01/2026
Gynecology;noon;22/01/2026
Gynecology;night;22/01/2026
Gynecology;morning;23/01/2026
Gynecology;noon;23/01/2026
Gynecology;night;23/01/2026
Gynecology;morning;24/01/2026
Gynecology;noon;24/01/2026
Gynecology;night;24/01/2026
Gynecology;morning;25/01/2026
Gynecology;noon;25/01/2026
Gynecology;night;25/01/2026
Gynecology;morning;26/01/2026
Gynecology;noon;26/01/2026
Gynecology;night;26/01/2026
Gynecology;morning;27/01/2026
Gynecology;noon;27/01/2026
Gynecology;night;27/01/2026
Gynecology;morning;28/01/2026
Gynecology;noon;28/01/2026
Gynecology;night;28/01/2026
Gynecology;morning;29/01/2026
Gynecology;noon;29/01/2026
Gynecology;night;29/01/2026
Gynecology;morning;30/01/2026
Gynecology;noon;30/01/2026
Gynecology;night;30/01/2026
Gynecology;morning;31/01/2026
Gynecology;noon;31/01/2026
Gynecology;night;31/01/2026
Gynecology;morning;01/02/2026
Gynecology;noon;01/02/2026
Gynecology;night;01/02/2026
Gynecology;morning;02/02/2026
Gynecology;noon;02/02/2026
Gynecology;night;02/02/2026
Gynecology;morning;03/02/2026
Gynecology;noon;03/02/2026
Gynecology;night;03/02/2026
Gynecology;morning;04/02/2026
Gynecology;noon;04/02/2026
Gynecology;night;04/02/2026
Gynecology;morning;05/02/2026
Gynecology;noon;05/02/2026
Gynecology;night;05/02/2026
Gynecology;morning;06/02/2026
Gynecology;noon;06/02/2026
Gynecology;night;06/02/2026
Gynecology;morning;07/02/2026
Gynecology;noon;07/02/2026
Gynecology;night;07/02/2026
Gynecology;morning;08/02/2026
Gynecology;noon;08/02/2026
Gynecology;night;08/02/2026
Gynecology;morning;09/02/2026
Gynecology;noon;09/02/2026
Gynecology;night;09/02/2026
Gynecology;morning;10/02/2026
Gynecology;noon;10/02/2026
Gynecology;night;10/02/2026
Gynecology;morning;11/02/2026
Gynecology;noon;11/02/2026
Gynecology;night;11/02/2026
Gynecology;morning;12/02/2026
Gynecology;noon;12/02/2026
Gynecology;night;12/02/2026
Gynecology;morning;13/02/2026
Gynecology;noon;13/02/2026
Gynecology;night;13/02/2026
Gynecology;morning;14/02/2026
Gynecology;noon;14/02/2026
Gynecology;night;14/02/2026
Gynecology;morning;15/02/2026
Gynecology;noon;15/02/2026
Gynecology;night;15/02/2026
Gynecology;morning;16/02/2026
Gynecology;noon;16/02/2026
Gynecology;night;16/02/2026
Gynecology;morning;17/02/2026
Gynecology;noon;17/02/2026
Gynecology;night;17/02/2026
Gynecology;morning;18/02/2026
Gynecology;noon;18/02/2026
Gynecology;night;18/02/2026
Gynecology;morning;19/02/2026
Gynecology;noon;19/02/2026
Gynecology;night;19/02/2026
Gynecology;morning;20/02/2026
Gynecology;noon;20/02/2026
Gynecology;night;20/02/2026
Gynecology;morning;21/02/2026
Gynecology;noon;21/02/2026
Gynecology;night;21/02/2026
Gynecology;morning;22/02/2026
Gynecology;noon;22/02/2026
Gynecology;night;22/02/2026
Gynecology;morning;23/02/2026
Gynecology;noon;23/02/2026
Gynecology;night;23/02/2026
Gynecology;morning;24/02/2026
Gynecology;noon;24/02/2026
Gynecology;night;24/02/2026
Gynecology;morning;25/02/2026
Gynecology;noon;25/02/2026
Gynecology;night;25/02/2026
Gynecology;morning;26/02/2026
Gynecology;noon;26/02/2026
Gynecology;night;26/02/2026
Gynecology;morning;27/02/2026
Gynecology;noon;27/02/2026
Gynecology;night;27/02/2026
Gynecology;morning;28/02/2026
Gynecology;noon;28/02/2026
Gynecology;night;28/02/2026
Neurology;morning;01/01/2026
Neurology;noon;01/01/2026
Neurology;night;01/01/2026
Neurology;morning;02/01/2026
Neurology;noon;02/01/2026
Neurology;night;02/01/2026
Neurology;morning;03/01/2026
Neurology;noon;03/01/2026
Neurology;night;03/01/2026
Neurology;morning;04/01/2026
Neurology;noon;04/01/2026
Neurology;night;04/01/2026
Neurology;morning;05/01/2026
Neurology;noon;05/01/2026
Neurology;night;05/01/2026
Neurology;morning;06/01/2026
Neurology;noon;06/01/2026
Neurology;night;06/01/2026
Neurology;morning;07/01/2026
Neurology;noon;07/01/2026
Neurology;night;07/01/2026
Neurology;morning;08/01/2026
Neurology;noon;08/01/2026
Neurology;night;08/01/2026
Neurology;morning;09/01/2026
Neurology;noon;09/01/2026
Neurology;night;09/01/2026
Neurology;morning;10/01/2026
Neurology;noon;10/01/2026
Neurology;night;10/01/2026
Neurology;morning;11/01/2026
Neurology;noon;11/01/2026
Neurology;night;11/01/2026
Neurology;morning;12/01/2026
Neurology;noon;12/01/2026
Neurology;night;12/01/2026
Neurology;morning;13/01/2026
Neurology;noon;13/01/2026
Neurology;night;13/01/2026
Neurology;morning;14/01/2026
Neurology;noon;14/01/2026
Neurology;night;14/01/2026
Neurology;morning;15/01/2026
Neurology;noon;15/01/2026
Neurology;night;15/01/2026
Neurology;morning;16/01/2026
Neurology;noon;16/01/2026
Neurology;night;16/01/2026
Neurology;morning;17/01/2026
Neurology;noon;17/01/2026
Neurology;night;17/01/2026
Neurology;morning;18/01/2026
Neurology;noon;18/01/2026
Neurology;night;18/01/2026
Neurology;morning;19/01/2026
Neurology;noon;19/01/2026
Neurology;night;19/01/2026
Neurology;morning;20/01/2026
Neurology;noon;20/01/2026
Neurology;night;20/01/2026
Neurology;morning;21/01/2026
Neurology;noon;21/01/2026
Neurology;night;21/01/2026
Neurology;morning;22/01/2026
Neurology;noon;22/01/2026
Neurology;night;22/01/2026
Neurology;morning;23/01/2026
Neurology;noon;23/01/2026
Neurology;night;23/01/2026
Neurology;morning;24/01/2026
Neurology;noon;24/01/2026
Neurology;night;24/01/2026
Neurology;morning;25/01/2026
Neurology;noon;25/01/2026
Neurology;night;25/01/2026
Neurology;morning;26/01/2026
Neurology;noon;26/01/2026
Neurology;night;26/01/2026
Neurology;morning;27/01/2026
Neurology;noon;27/01/2026
Neurology;night;27/01/2026
Neurology;morning;28/01/2026
Neurology;noon;28/01/2026
Neurology;night;28/01/2026
Neurology;morning;29/01/2026
Neurology;noon;29/01/2026
Neurology;night;29/01/2026
Neurology;morning;30/01/2026
Neurology;noon;30/01/2026
Neurology;night;30/01/2026
Neurology;morning;31/01/2026
Neurology;noon;31/01/2026
Neurology;night;31/01/2026
Neurology;morning;01/02/2026
Neurology;noon;01/02/2026
Neurology;night;01/02/2026
Neurology;morning;02/02/2026
Neurology;noon;02/02/2026
Neurology;night;02/02/2026
Neurology;morning;03/02/2026
Neurology;noon;03/02/2026
Neurology;night;03/02/2026
Neurology;morning;04/02/2026
Neurology;noon;04/02/2026
Neurology;night;04/02/2026
Neurology;morning;05/02/2026
Neurology;noon;05/02/2026
Neurology;night;05/02/2026
Neurology;morning;06/02/2026
Neurology;noon;06/02/2026
Neurology;night;06/02/2026
Neurology;morning;07/02/2026
Neurology;noon;07/02/2026
Neurology;night;07/02/2026
Neurology;morning;08/02/2026
Neurology;noon;08/02/2026
Neurology;night;08/02/2026
Neurology;morning;09/02/2026
Neurology;noon;09/02/2026
Neurology;night;09/02/2026
Neurology;morning;10/02/2026
Neurology;noon;10/02/2026
Neurology;night;10/02/2026
Neurology;morning;11/02/2026
Neurology;noon;11/02/2026
Neurology;night;11/02/2026
Neurology;morning;12/02/2026
Neurology;noon;12/02/2026
Neurology;night;12/02/2026
Neurology;morning;13/02/2026
Neurology;noon;13/02/2026
Neurology;night;13/02/2026
Neurology;morning;14/02/2026
Neurology;noon;14/02/2026
Neurology;night;14/02/2026
Neurology;morning;15/02/2026
Neurology;noon;15/02/2026
Neurology;night;15/02/2026
Neurology;morning;16/02/2026
Neurology;noon;16/02/2026
Neurology;night;16/02/2026
Neurology;morning;17/02/2026
Neurology;noon;17/02/2026
Neurology;night;17/02/2026
Neurology;morning;18/02/2026
Neurology;noon;18/02/2026
Neurology;night;18/02/2026
Neurology;morning;19/02/2026
Neurology;noon;19/02/2026
Neurology;night;19/02/2026
Neurology;morning;20/02/2026
Neurology;noon;20/02/2026
Neurology;night;20/02/2026
Neurology;morning;21/02/2026
Neurology;noon;21/02/2026
Neurology;night;21/02/2026
Neurology;morning;22/02/2026
Neurology;noon;22/02/2026
Neurology;night;22/02/2026
Neurology;morning;23/02/2026
Neurology;noon;23/02/2026
Neurology;night;23/02/2026
Neurology;morning;24/02/2026
Neurology;noon;24/02/2026
Neurology;night;24/02/2026
Neurology;morning;25/02/2026
Neurology;noon;25/02/2026
Neurology;night;25/02/2026
Neurology;morning;26/02/2026
Neurology;noon;26/02/2026
Neurology;night;26/02/2026
Neurology;morning;27/02/2026
Neurology;noon;27/02/2026
Neurology;night;27/02/2026
Neurology;morning;28/02/2026
Neurology;noon;28/02/2026
Neurology;night;28/02/2026
Ophthalmology;morning;01/01/2026
Ophthalmology;noon;01/01/2026
Ophthalmology;night;01/01/2026
Ophthalmology;morning;02/01/2026
Ophthalmology;noon;02/01/2026
Ophthalmology;night;02/01/2026
Ophthalmology;morning;03/01/2026
Ophthalmology;noon;03/01/2026
Ophthalmology;night;03/01/2026
Ophthalmology;morning;04/01/2026
Ophthalmology;noon;04/01/2026
Ophthalmology;night;04/01/2026
Ophthalmology;morning;05/01/2026
Ophthalmology;noon;05/01/2026
Ophthalmology;night;05/01/2026
Ophthalmology;morning;06/01/2026
Ophthalmology;noon;06/01/2026
Ophthalmology;night;06/01/2026
Ophthalmology;morning;07/01/2026
Ophthalmology;noon;07/01/2026
Ophthalmology;night;07/01/2026
Ophthalmology;morning;08/01/2026
Ophthalmology;noon;08/01/2026
Ophthalmology;night;08/01/2026
Ophthalmology;morning;09/01/2026
Ophthalmology;noon;09/01/2026
Ophthalmology;night;09/01/2026
Ophthalmology;morning;10/01/2026
Ophthalmology;noon;10/01/2026
Ophthalmology;night;10/01/2026
Ophthalmology;morning;11/01/2026
Ophthalmology;noon;11/01/2026
Ophthalmology;night;11/01/2026
Ophthalmology;morning;12/01/2026
Ophthalmology;noon;12/01/2026
Ophthalmology;night;12/01/2026
Ophthalmology;morning;13/01/2026
Ophthalmology;noon;13/01/2026
Ophthalmology;night;13/01/2026
Ophthalmology;morning;14/01/2026
Ophthalmology;noon;14/01/2026
Ophthalmology;night;14/01/2026
Ophthalmology;morning;15/01/2026
Ophthalmology;noon;15/01/2026
Ophthalmology;night;15/01/2026
Ophthalmology;morning;16/01/2026
Ophthalmology;noon;16/01/2026
Ophthalmology;night;16/01/2026
Ophthalmology;morning;17/01/2026
Ophthalmology;noon;17/01/2026
Ophthalmology;night;17/01/2026
Ophthalmology;morning;18/01/2026
Ophthalmology;noon;18/01/2026
Ophthalmology;night;18/01/2026
Ophthalmology;morning;19/01/2026
Ophthalmology;noon;19/01/2026
Ophthalmology;night;19/01/2026
Ophthalmology;morning;20/01/2026
Ophthalmology;noon;20/01/2026
Ophthalmology;night;20/01/2026
Ophthalmology;morning;21/01/2026
Ophthalmology;noon;21/01/2026
Ophthalmology;night;21/01/2026
Ophthalmology;morning;22/01/2026
Ophthalmology;noon;22/01/2026
Ophthalmology;night;22/01/2026
Ophthalmology;morning;23/01/2026
Ophthalmology;noon;23/01/2026
Ophthalmology;night;23/01/2026
Ophthalmology;morning;24/01/2026
Ophthalmology;noon;24/01/2026
Ophthalmology;night;24/01/2026
Ophthalmology;morning;25/01/2026
Ophthalmology;noon;25/01/2026
Ophthalmology;night;25/01/2026
Ophthalmology;morning;26/01/2026
Ophthalmology;noon;26/01/2026
Ophthalmology;night;26/01/2026
Ophthalmology;morning;27/01/2026
Ophthalmology;noon;27/01/2026
Ophthalmology;night;27/01/2026
Ophthalmology;morning;28/01/2026
Ophthalmology;noon;28/01/2026
Ophthalmology;night;28/01/2026
Ophthalmology;morning;29/01/2026
Ophthalmology;noon;29/01/2026
Ophthalmology;night;29/01/2026
Ophthalmology;morning;30/01/2026
Ophthalmology;noon;30/01/2026
Ophthalmology;night;30/01/2026
Ophthalmology;morning;31/01/2026
Ophthalmology;noon;31/01/2026
Ophthalmology;night;31/01/2026
Ophthalmology;morning;01/02/2026
Ophthalmology;noon;01/02/2026
Ophthalmology;night;01/02/2026
Ophthalmology;morning;02/02/2026
Ophthalmology;noon;02/02/2026
Ophthalmology;night;02/02/2026
Ophthalmology;morning;03/02/2026
Ophthalmology;noon;03/02/2026
Ophthalmology;night;03/02/2026
Ophthalmology;morning;04/02/2026
Ophthalmology;noon;04/02/2026
Ophthalmology;night;04/02/2026
Ophthalmology;morning;05/02/2026
Ophthalmology;noon;05/02/2026
Ophthalmology;night;05/02/2026
Ophthalmology;morning;06/02/2026
Ophthalmology;noon;06/02/2026
Ophthalmology;night;06/02/2026
Ophthalmology;morning;07/02/2026
Ophthalmology;noon;07/02/2026
Ophthalmology;night;07/02/2026
Ophthalmology;morning;08/02/2026
Ophthalmology;noon;08/02/2026
Ophthalmology;night;08/02/2026
Ophthalmology;morning;09/02/2026
Ophthalmology;noon;09/02/2026
Ophthalmology;night;09/02/2026
Ophthalmology;morning;10/02/2026
Ophthalmology;noon;10/02/2026
Ophthalmology;night;10/02/2026
Ophthalmology;morning;11/02/2026
Ophthalmology;noon;11/02/2026
Ophthalmology;night;11/02/2026
Ophthalmology;morning;12/02/2026
Ophthalmology;noon;12/02/2026
Ophthalmology;night;12/02/2026
Ophthalmology;morning;13/02/2026
Ophthalmology;noon;13/02/2026
Ophthalmology;night;13/02/2026
Ophthalmology;morning;14/02/2026
Ophthalmology;noon;14/02/2026
Ophthalmology;night;14/02/2026
Ophthalmology;morning;15/02/2026
Ophthalmology;noon;15/02/2026
Ophthalmology;night;15/02/2026
Ophthalmology;morning;16/02/2026
Ophthalmology;noon;16/02/2026
Ophthalmology;night;16/02/2026
Ophthalmology;morning;17/02/2026
Ophthalmology;noon;17/02/2026
Ophthalmology;night;17/02/2026
Ophthalmology;morning;18/02/2026
Ophthalmology;noon;18/02/2026
Ophthalmology;night;18/02/2026
Ophthalmology;morning;19/02/2026
Ophthalmology;noon;19/02/2026
Ophthalmology;night;19/02/2026
Ophthalmology;morning;20/02/2026
Ophthalmology;noon;20/02/2026
Ophthalmology;night;20/02/2026
Ophthalmology;morning;21/02/2026
Ophthalmology;noon;21/02/2026
Ophthalmology;night;21/02/2026
Ophthalmology;morning;22/02/2026
Ophthalmology;noon;22/02/2026
Ophthalmology;night;22/02/2026
Ophthalmology;morning;23/02/2026
Ophthalmology;noon;23/02/2026
Ophthalmology;night;23/02/2026
Ophthalmology;morning;24/02/2026
Ophthalmology;noon;24/02/2026
Ophthalmology;night;24/02/2026
Ophthalmology;morning;25/02/2026
Ophthalmology;noon;25/02/2026
Ophthalmology;night;25/02/2026
Ophthalmology;morning;26/02/2026
Ophthalmology;noon;26/02/2026
Ophthalmology;night;26/02/2026
Ophthalmology;morning;27/02/2026
Ophthalmology;noon;27/02/2026
Ophthalmology;night;27/02/2026
Ophthalmology;morning;28/02/2026
Ophthalmology;noon;28/02/2026
Ophthalmology;night;28/02/2026
Radiology;morning;01/01/2026
Radiology;noon;01/01/2026
Radiology;night;01/01/2026
Radiology;morning;02/01/2026
Radiology;noon;02/01/2026
Radiology;night;02/01/2026
Radiology;morning;03/01/2026
Radiology;noon;03/01/2026
Radiology;night;03/01/2026
Radiology;morning;04/01/2026
Radiology;noon;04/01/2026
Radiology;night;04/01/2026
Radiology;morning;05/01/2026
Radiology;noon;05/01/2026
Radiology;night;05/01/2026
Radiology;morning;06/01/2026
Radiology;noon;06/01/2026
Radiology;night;06/01/2026
Radiology;morning;07/01/2026
Radiology;noon;07/01/2026
Radiology;night;07/01/2026
Radiology;morning;08/01/2026
Radiology;noon;08/01/2026
Radiology;night;08/01/2026
Radiology;morning;09/01/2026
Radiology;noon;09/01/2026
Radiology;night;09/01/2026
Radiology;morning;10/01/2026
Radiology;noon;10/01/2026
Radiology;night;10/01/2026
Radiology;morning;11/01/2026
Radiology;noon;11/01/2026
Radiology;night;11/01/2026
Radiology;morning;12/01/2026
Radiology;noon;12/01/2026
Radiology;night;12/01/2026
Radiology;morning;13/01/2026
Radiology;noon;13/01/2026
Radiology;night;13/01/2026
Radiology;morning;14/01/2026
Radiology;noon;14/01/2026
Radiology;night;14/01/2026
Radiology;morning;15/01/2026
Radiology;noon;15/01/2026
Radiology;night;15/01/2026
Radiology;morning;16/01/2026
Radiology;noon;16/01/2026
Radiology;night;16/01/2026
Radiology;morning;17/01/2026
Radiology;noon;17/01/2026
Radiology;night;17/01/2026
Radiology;morning;18/01/2026
Radiology;noon;18/01/2026
Radiology;night;18/01/2026
Radiology;morning;19/01/2026
Radiology;noon;19/01/2026
Radiology;night;19/01/2026
Radiology;morning;20/01/2026
Radiology;noon;20/01/2026
Radiology;night;20/01/2026
Radiology;morning;21/01/2026
Radiology;noon;21/01/2026
Radiology;night;21/01/2026
Radiology;morning;22/01/2026
Radiology;noon;22/01/2026
Radiology;night;22/01/2026
Radiology;morning;23/01/2026
Radiology;noon;23/01/2026
Radiology;night;23/01/2026
Radiology;morning;24/01/2026
Radiology;noon;24/01/2026
Radiology;night;24/01/2026
Radiology;morning;25/01/2026
Radiology;noon;25/01/2026
Radiology;night;25/01/2026
Radiology;morning;26/01/2026
Radiology;noon;26/01/2026
Radiology;night;26/01/2026
Radiology;morning;27/01/2026
Radiology;noon;27/01/2026
Radiology;night;27/01/2026
Radiology;morning;28/01/2026
Radiology;noon;28/01/2026
Radiology;night;28/01/2026
Radiology;morning;29/01/2026
Radiology;noon;29/01/2026
Radiology;night;29/01/2026
Radiology;morning;30/01/2026
Radiology;noon;30/01/2026
Radiology;night;30/01/2026
Radiology;morning;31/01/2026
Radiology;noon;31/01/2026
Radiology;night;31/01/2026
Radiology;morning;01/02/2026
Radiology;noon;01/02/2026
Radiology;night;01/02/2026
Radiology;morning;02/02/2026
Radiology;noon;02/02/2026
Radiology;night;02/02/2026
Radiology;morning;03/02/2026
Radiology;noon;03/02/2026
Radiology;night;03/02/2026
Radiology;morning;04/02/2026
Radiology;noon;04/02/2026
Radiology;night;04/02/2026
Radiology;morning;05/02/2026
Radiology;noon;05/02/2026
Radiology;night;05/02/2026
Radiology;morning;06/02/2026
Radiology;noon;06/02/2026
Radiology;night;06/02/2026
Radiology;morning;07/02/2026
Radiology;noon;07/02/2026
Radiology;night;07/02/2026
Radiology;morning;08/02/2026
Radiology;noon;08/02/2026
Radiology;night;08/02/2026
Radiology;morning;09/02/2026
Radiology;noon;09/02/2026
Radiology;night;09/02/2026
Radiology;morning;10/02/2026
Radiology;noon;10/02/2026
Radiology;night;10/02/2026
Radiology;morning;11/02/2026
Radiology;noon;11/02/2026
Radiology;night;11/02/2026
Radiology;morning;12/02/2026
Radiology;noon;12/02/2026
Radiology;night;12/02/2026
Radiology;morning;13/02/2026
Radiology;noon;13/02/2026
Radiology;night;13/02/2026
Radiology;morning;14/02/2026
Radiology;noon;14/02/2026
Radiology;night;14/02/2026
Radiology;morning;15/02/2026
Radiology;noon;15/02/2026
Radiology;night;15/02/2026
Radiology;morning;16/02/2026
Radiology;noon;16/02/2026
Radiology;night;16/02/2026
Radiology;morning;17/02/2026
Radiology;noon;17/02/2026
Radiology;night;17/02/2026
Radiology;morning;18/02/2026
Radiology;noon;18/02/2026
Radiology;night;18/02/2026
Radiology;morning;19/02/2026
Radiology;noon;19/02/2026
Radiology;night;19/02/2026
Radiology;morning;20/02/2026
Radiology;noon;20/02/2026
Radiology;night;20/02/2026
Radiology;morning;21/02/2026
Radiology;noon;21/02/2026
Radiology;night;21/02/2026
Radiology;morning;22/02/2026
Radiology;noon;22/02/2026
Radiology;night;22/02/2026
Radiology;morning;23/02/2026
Radiology;noon;23/02/2026
Radiology;night;23/02/2026
Radiology;morning;24/02/2026
Radiology;noon;24/02/2026
Radiology;night;24/02/2026
Radiology;morning;25/02/2026
Radiology;noon;25/02/2026
Radiology;night;25/02/2026
Radiology;morning;26/02/2026
Radiology;noon;26/02/2026
Radiology;night;26/02/2026
Radiology;morning;27/02/2026
Radiology;noon;27/02/2026
Radiology;night;27/02/2026
Radiology;morning;28/02/2026
Radiology;noon;28/02/2026
Radiology;night;28/02/2026
Microbiology;morning;01/01/2026
Microbiology;noon;01/01/2026
Microbiology;night;01/01/2026
Microbiology;morning;02/01/2026
Microbiology;noon;02/01/2026
Microbiology;night;02/01/2026
Microbiology;morning;03/01/2026
Microbiology;noon;03/01/2026
Microbiology;night;03/01/2026
Microbiology;morning;04/01/2026
Microbiology;noon;04/01/2026
Microbiology;night;04/01/2026
Microbiology;morning;05/01/2026
Microbiology;noon;05/01/2026
Microbiology;night;05/01/2026
Microbiology;morning;06/01/2026
Microbiology;noon;06/01/2026
Microbiology;night;06/01/2026
Microbiology;morning;07/01/2026
Microbiology;noon;07/01/2026
Microbiology;night;07/01/2026
Microbiology;morning;08/01/2026
Microbiology;noon;08/01/2026
Microbiology;night;08/01/2026
Microbiology;morning;09/01/2026
Microbiology;noon;09/01/2026
Microbiology;night;09/01/2026
Microbiology;morning;10/01/2026
Microbiology;noon;10/01/2026
Microbiology;night;10/01/2026
Microbiology;morning;11/01/2026
Microbiology;noon;11/01/2026
Microbiology;night;11/01/2026
Microbiology;morning;12/01/2026
Microbiology;noon;12/01/2026
Microbiology;night;12/01/2026
Microbiology;morning;13/01/2026
Microbiology;noon;13/01/2026
Microbiology;night;13/01/2026
Microbiology;morning;14/01/2026
Microbiology;noon;14/01/2026
Microbiology;night;14/01/2026
Microbiology;morning;15/01/2026
Microbiology;noon;15/01/2026
Microbiology;night;15/01/2026
Microbiology;morning;16/01/2026
Microbiology;noon;16/01/2026
Microbiology;night;16/01/2026
Microbiology;morning;17/01/2026
Microbiology;noon;17/01/2026
Microbiology;night;17/01/2026
Microbiology;morning;18/01/2026
Microbiology;noon;18/01/2026
Microbiology;night;18/01/2026
Microbiology;morning;19/01/2026
Microbiology;noon;19/01/2026
Microbiology;night;19/01/2026
Microbiology;morning;20/01/2026
Microbiology;noon;20/01/2026
Microbiology;night;20/01/2026
Microbiology;morning;21/01/2026
Microbiology;noon;21/01/2026
Microbiology;night;21/01/2026
Microbiology;morning;22/01/2026
Microbiology;noon;22/01/2026
Microbiology;night;22/01/2026
Microbiology;morning;23/01/2026
Microbiology;noon;23/01/2026
Microbiology;night;23/01/2026
Microbiology;morning;24/01/2026
Microbiology;noon;24/01/2026
Microbiology;night;24/01/2026
Microbiology;morning;25/01/2026
Microbiology;noon;25/01/2026
Microbiology;night;25/01/2026
Microbiology;morning;26/01/2026
Microbiology;noon;26/01/2026
Microbiology;night;26/01/2026
Microbiology;morning;27/01/2026
Microbiology;noon;27/01/2026
Microbiology;night;27/01/2026
Microbiology;morning;28/01/2026
Microbiology;noon;28/01/2026
Microbiology;night;28/01/2026
Microbiology;morning;29/01/2026
Microbiology;noon;29/01/2026
Microbiology;night;29/01/2026
Microbiology;morning;30/01/2026
Microbiology;noon;30/01/2026
Microbiology;night;30/01/2026
Microbiology;morning;31/01/2026
Microbiology;noon;31/01/2026
Microbiology;night;31/01/2026
Microbiology;morning;01/02/2026
Microbiology;noon;01/02/2026
Microbiology;night;01/02/2026
Microbiology;morning;02/02/2026
Microbiology;noon;02/02/2026
Microbiology;night;02/02/2026
Microbiology;morning;03/02/2026
Microbiology;noon;03/02/2026
Microbiology;night;03/02/2026
Microbiology;morning;04/02/2026
Microbiology;noon;04/02/2026
Microbiology;night;04/02/2026
Microbiology;morning;05/02/2026
Microbiology;noon;05/02/2026
Microbiology;night;05/02/2026
Microbiology;morning;06/02/2026
Microbiology;noon;06/02/2026
Microbiology;night;06/02/2026
Microbiology;morning;07/02/2026
Microbiology;noon;07/02/2026
Microbiology;night;07/02/2026
Microbiology;morning;08/02/2026
Microbiology;noon;08/02/2026
Microbiology;night;08/02/2026
Microbiology;morning;09/02/2026
Microbiology;noon;09/02/2026
Microbiology;night;09/02/2026
Microbiology;morning;10/02/2026
Microbiology;noon;10/02/2026
Microbiology;night;10/02/2026
Microbiology;morning;11/02/2026
Microbiology;noon;11/02/2026
Microbiology;night;11/02/2026
Microbiology;morning;12/02/2026
Microbiology;noon;12/02/2026
Microbiology;night;12/02/2026
Microbiology;morning;13/02/2026
Microbiology;noon;13/02/2026
Microbiology;night;13/02/2026
Microbiology;morning;14/02/2026
Microbiology;noon;14/02/2026
Microbiology;night;14/02/2026
Microbiology;morning;15/02/2026
Microbiology;noon;15/02/2026
Microbiology;night;15/02/2026
Microbiology;morning;16/02/2026
Microbiology;noon;16/02/2026
Microbiology;night;16/02/2026
Microbiology;morning;17/02/2026
Microbiology;noon;17/02/2026
Microbiology;night;17/02/2026
Microbiology;morning;18/02/2026
Microbiology;noon;18/02/2026
Microbiology;night;18/02/2026
Microbiology;morning;19/02/2026
Microbiology;noon;19/02/2026
Microbiology;night;19/02/2026
Microbiology;morning;20/02/2026
Microbiology;noon;20/02/2026
Microbiology;night;20/02/2026
Microbiology;morning;21/02/2026
Microbiology;noon;21/02/2026
Microbiology;night;21/02/2026
Microbiology;morning;22/02/2026
Microbiology;noon;22/02/2026
Microbiology;night;22/02/2026
Microbiology;morning;23/02/2026
Microbiology;noon;23/02/2026
Microbiology;night;23/02/2026
Microbiology;morning;24/02/2026
Microbiology;noon;24/02/2026
Microbiology;night;24/02/2026
Microbiology;morning;25/02/2026
Microbiology;noon;25/02/2026
Microbiology;night;25/02/2026
Microbiology;morning;26/02/2026
Microbiology;noon;26/02/2026
Microbiology;night;26/02/2026
Microbiology;morning;27/02/2026
Microbiology;noon;27/02/2026
Microbiology;night;27/02/2026
Microbiology;morning;28/02/2026
Microbiology;noon;28/02/2026
Microbiology;night;28/02/2026
Gastroenterology;morning;01/01/2026
Gastroenterology;noon;01/01/2026
Gastroenterology;night;01/01/2026
Gastroenterology;morning;02/01/2026
Gastroenterology;noon;02/01/2026
Gastroenterology;night;02/01/2026
Gastroenterology;morning;03/01/2026
Gastroenterology;noon;03/01/2026
Gastroenterology;night;03/01/2026
Gastroenterology;morning;04/01/2026
Gastroenterology;noon;04/01/2026
Gastroenterology;night;04/01/2026
Gastroenterology;morning;05/01/2026
Gastroenterology;noon;05/01/2026
Gastroenterology;night;05/01/2026
Gastroenterology;morning;06/01/2026
Gastroenterology;noon;06/01/2026
Gastroenterology;night;06/01/2026
Gastroenterology;morning;07/01/2026
Gastroenterology;noon;07/01/2026
Gastroenterology;night;07/01/2026
Gastroenterology;morning;08/01/2026
Gastroenterology;noon;08/01/2026
Gastroenterology;night;08/01/2026
Gastroenterology;morning;09/01/2026
Gastroenterology;noon;09/01/2026
Gastroenterology;night;09/01/2026
Gastroenterology;morning;10/01/2026
Gastroenterology;noon;10/01/2026
Gastroenterology;night;10/01/2026
Gastroenterology;morning;11/01/2026
Gastroenterology;noon;11/01/2026
Gastroenterology;night;11/01/2026
Gastroenterology;morning;12/01/2026
Gastroenterology;noon;12/01/2026
Gastroenterology;night;12/01/2026
Gastroenterology;morning;13/01/2026
Gastroenterology;noon;13/01/2026
Gastroenterology;night;13/01/2026
Gastroenterology;morning;14/01/2026
Gastroenterology;noon;14/01/2026
Gastroenterology;night;14/01/2026
Gastroenterology;morning;15/01/2026
Gastroenterology;noon;15/01/2026
Gastroenterology;night;15/01/2026
Gastroenterology;morning;16/01/2026
Gastroenterology;noon;16/01/2026
Gastroenterology;night;16/01/2026
Gastroenterology;morning;17/01/2026
Gastroenterology;noon;17/01/2026
Gastroenterology;night;17/01/2026
Gastroenterology;morning;18/01/2026
Gastroenterology;noon;18/01/2026
Gastroenterology;night;18/01/2026
Gastroenterology;morning;19/01/2026
Gastroenterology;noon;19/01/2026
Gastroenterology;night;19/01/2026
Gastroenterology;morning;20/01/2026
Gastroenterology;noon;20/01/2026
Gastroenterology;night;20/01/2026
Gastroenterology;morning;21/01/2026
Gastroenterology;noon;21/01/2026
Gastroenterology;night;21/01/2026
Gastroenterology;morning;22/01/2026
Gastroenterology;noon;22/01/2026
Gastroenterology;night;22/01/2026
Gastroenterology;morning;23/01/2026
Gastroenterology;noon;23/01/2026
Gastroenterology;night;23/01/2026
Gastroenterology;morning;24/01/2026
Gastroenterology;noon;24/01/2026
Gastroenterology;night;24/01/2026
Gastroenterology;morning;25/01/2026
Gastroenterology;noon;25/01/2026
Gastroenterology;night;25/01/2026
Gastroenterology;morning;26/01/2026
Gastroenterology;noon;26/01/2026
Gastroenterology;night;26/01/2026
Gastroenterology;morning;27/01/2026
Gastroenterology;noon;27/01/2026
Gastroenterology;night;27/01/2026
Gastroenterology;morning;28/01/2026
Gastroenterology;noon;28/01/2026
Gastroenterology;night;28/01/2026
Gastroenterology;morning;29/01/2026
Gastroenterology;noon;29/01/2026
Gastroenterology;night;29/01/2026
Gastroenterology;morning;30/01/2026
Gastroenterology;noon;30/01/2026
Gastroenterology;night;30/01/2026
Gastroenterology;morning;31/01/2026
Gastroenterology;noon;31/01/2026
Gastroenterology;night;31/01/2026
Gastroenterology;morning;01/02/2026
Gastroenterology;noon;01/02/2026
Gastroenterology;night;01/02/2026
Gastroenterology;morning;02/02/2026
Gastroenterology;noon;02/02/2026
Gastroenterology;night;02/02/2026
Gastroenterology;morning;03/02/2026
Gastroenterology;noon;03/02/2026
Gastroenterology;night;03/02/2026
Gastroenterology;morning;04/02/2026
Gastroenterology;noon;04/02/2026
Gastroenterology;night;04/02/2026
Gastroenterology;morning;05/02/2026
Gastroenterology;noon;05/02/2026
Gastroenterology;night;05/02/2026
Gastroenterology;morning;06/02/2026
Gastroenterology;noon;06/02/2026
Gastroenterology;night;06/02/2026
Gastroenterology;morning;07/02/2026
Gastroenterology;noon;07/02/2026
Gastroenterology;night;07/02/2026
Gastroenterology;morning;08/02/2026
Gastroenterology;noon;08/02/2026
Gastroenterology;night;08/02/2026
Gastroenterology;morning;09/02/2026
Gastroenterology;noon;09/02/2026
Gastroenterology;night;09/02/2026
Gastroenterology;morning;10/02/2026
Gastroenterology;noon;10/02/2026
Gastroenterology;night;10/02/2026
Gastroenterology;morning;11/02/2026
Gastroenterology;noon;11/02/2026
Gastroenterology;night;11/02/2026
Gastroenterology;morning;12/02/2026
Gastroenterology;noon;12/02/2026
Gastroenterology;night;12/02/2026
Gastroenterology;morning;13/02/2026
Gastroenterology;noon;13/02/2026
Gastroenterology;night;13/02/2026
Gastroenterology;morning;14/02/2026
Gastroenterology;noon;14/02/2026
Gastroenterology;night;14/02/2026
Gastroenterology;morning;15/02/2026
Gastroenterology;noon;15/02/2026
Gastroenterology;night;15/02/2026
Gastroenterology;morning;16/02/2026
Gastroenterology;noon;16/02/2026
Gastroenterology;night;16/02/2026
Gastroenterology;morning;17/02/2026
Gastroenterology;noon;17/02/2026
Gastroenterology;night;17/02/2026
Gastroenterology;morning;18/02/2026
Gastroenterology;noon;18/02/2026
Gastroenterology;night;18/02/2026
Gastroenterology;morning;19/02/2026
Gastroenterology;noon;19/02/2026
Gastroenterology;night;19/02/2026
Gastroenterology;morning;20/02/2026
Gastroenterology;noon;20/02/2026
Gastroenterology;night;20/02/2026
Gastroenterology;morning;21/02/2026
Gastroenterology;noon;21/02/2026
Gastroenterology;night;21/02/2026
Gastroenterology;morning;22/02/2026
Gastroenterology;noon;22/02/2026
Gastroenterology;night;22/02/2026
Gastroenterology;morning;23/02/2026
Gastroenterology;noon;23/02/2026
Gastroenterology;night;23/02/2026
Gastroenterology;morning;24/02/2026
Gastroenterology;noon;24/02/2026
Gastroenterology;night;24/02/2026
Gastroenterology;morning;25/02/2026
Gastroenterology;noon;25/02/2026
Gastroenterology;night;25/02/2026
Gastroenterology;morning;26/02/2026
Gastroenterology;noon;26/02/2026
Gastroenterology;night;26/02/2026
Gastroenterology;morning;27/02/2026
Gastroenterology;noon;27/02/2026
Gastroenterology;night;27/02/2026
Gastroenterology;morning;28/02/2026
Gastroenterology;noon;28/02/2026
Gastroenterology;night;28/02/2026
Pulmonology;morning;01/01/2026
Pulmonology;noon;01/01/2026
Pulmonology;night;01/01/2026
Pulmonology;morning;02/01/2026
Pulmonology;noon;02/01/2026
Pulmonology;night;02/01/2026
Pulmonology;morning;03/01/2026
Pulmonology;noon;03/01/2026
Pulmonology;night;03/01/2026
Pulmonology;morning;04/01/2026
Pulmonology;noon;04/01/2026
Pulmonology;night;04/01/2026
Pulmonology;morning;05/01/2026
Pulmonology;noon;05/01/2026
Pulmonology;night;05/01/2026
Pulmonology;morning;06/01/2026
Pulmonology;noon;06/01/2026
Pulmonology;night;06/01/2026
Pulmonology;morning;07/01/2026
Pulmonology;noon;07/01/2026
Pulmonology;night;07/01/2026
Pulmonology;morning;08/01/2026
Pulmonology;noon;08/01/2026
Pulmonology;night;08/01/2026
Pulmonology;morning;09/01/2026
Pulmonology;noon;09/01/2026
Pulmonology;night;09/01/2026
Pulmonology;morning;10/01/2026
Pulmonology;noon;10/01/2026
Pulmonology;night;10/01/2026
Pulmonology;morning;11/01/2026
Pulmonology;noon;11/01/2026
Pulmonology;night;11/01/2026
Pulmonology;morning;12/01/2026
Pulmonology;noon;12/01/2026
Pulmonology;night;12/01/2026
Pulmonology;morning;13/01/2026
Pulmonology;noon;13/01/2026
Pulmonology;night;13/01/2026
Pulmonology;morning;14/01/2026
Pulmonology;noon;14/01/2026
Pulmonology;night;14/01/2026
Pulmonology;morning;15/01/2026
Pulmonology;noon;15/01/2026
Pulmonology;night;15/01/2026
Pulmonology;morning;16/01/2026
Pulmonology;noon;16/01/2026
Pulmonology;night;16/01/2026
Pulmonology;morning;17/01/2026
Pulmonology;noon;17/01/2026
Pulmonology;night;17/01/2026
Pulmonology;morning;18/01/2026
Pulmonology;noon;18/01/2026
Pulmonology;night;18/01/2026
Pulmonology;morning;19/01/2026
Pulmonology;noon;19/01/2026
Pulmonology;night;19/01/2026
Pulmonology;morning;20/01/2026
Pulmonology;noon;20/01/2026
Pulmonology;night;20/01/2026
Pulmonology;morning;21/01/2026
Pulmonology;noon;21/01/2026
Pulmonology;night;21/01/2026
Pulmonology;morning;22/01/2026
Pulmonology;noon;22/01/2026
Pulmonology;night;22/01/2026
Pulmonology;morning;23/01/2026
Pulmonology;noon;23/01/2026
Pulmonology;night;23/01/2026
Pulmonology;morning;24/01/2026
Pulmonology;noon;24/01/2026
Pulmonology;night;24/01/2026
Pulmonology;morning;25/01/2026
Pulmonology;noon;25/01/2026
Pulmonology;night;25/01/2026
Pulmonology;morning;26/01/2026
Pulmonology;noon;26/01/2026
Pulmonology;night;26/01/2026
Pulmonology;morning;27/01/2026
Pulmonology;noon;27/01/2026
Pulmonology;night;27/01/2026
Pulmonology;morning;28/01/2026
Pulmonology;noon;28/01/2026
Pulmonology;night;28/01/2026
Pulmonology;morning;29/01/2026
Pulmonology;noon;29/01/2026
Pulmonology;night;29/01/2026
Pulmonology;morning;30/01/2026
Pulmonology;noon;30/01/2026
Pulmonology;night;30/01/2026
Pulmonology;morning;31/01/2026
Pulmonology;noon;31/01/2026
Pulmonology;night;31/01/2026
Pulmonology;morning;01/02/2026
Pulmonology;noon;01/02/2026
Pulmonology;night;01/02/2026
Pulmonology;morning;02/02/2026
Pulmonology;noon;02/02/2026
Pulmonology;night;02/02/2026
Pulmonology;morning;03/02/2026
Pulmonology;noon;03/02/2026
Pulmonology;night;03/02/2026
Pulmonology;morning;04/02/2026
Pulmonology;noon;04/02/2026
Pulmonology;night;04/02/2026
Pulmonology;morning;05/02/2026
Pulmonology;noon;05/02/2026
Pulmonology;night;05/02/2026
Pulmonology;morning;06/02/2026
Pulmonology;noon;06/02/2026
Pulmonology;night;06/02/2026
Pulmonology;morning;07/02/2026
Pulmonology;noon;07/02/2026
Pulmonology;night;07/02/2026
Pulmonology;morning;08/02/2026
Pulmonology;noon;08/02/2026
Pulmonology;night;08/02/2026
Pulmonology;morning;09/02/2026
Pulmonology;noon;09/02/2026
Pulmonology;night;09/02/2026
Pulmonology;morning;10/02/2026
Pulmonology;noon;10/02/2026
Pulmonology;night;10/02/2026
Pulmonology;morning;11/02/2026
Pulmonology;noon;11/02/2026
Pulmonology;night;11/02/2026
Pulmonology;morning;12/02/2026
Pulmonology;noon;12/02/2026
Pulmonology;night;12/02/2026
Pulmonology;morning;13/02/2026
Pulmonology;noon;13/02/2026
Pulmonology;night;13/02/2026
Pulmonology;morning;14/02/2026
Pulmonology;noon;14/02/2026
Pulmonology;night;14/02/2026
Pulmonology;morning;15/02/2026
Pulmonology;noon;15/02/2026
Pulmonology;night;15/02/2026
Pulmonology;morning;16/02/2026
Pulmonology;noon;16/02/2026
Pulmonology;night;16/02/2026
Pulmonology;morning;17/02/2026
Pulmonology;noon;17/02/2026
Pulmonology;night;17/02/2026
Pulmonology;morning;18/02/2026
Pulmonology;noon;18/02/2026
Pulmonology;night;18/02/2026
Pulmonology;morning;19/02/2026
Pulmonology;noon;19/02/2026
Pulmonology;night;19/02/2026
Pulmonology;morning;20/02/2026
Pulmonology;noon;20/02/2026
Pulmonology;night;20/02/2026
Pulmonology;morning;21/02/2026
Pulmonology;noon;21/02/2026
Pulmonology;night;21/02/2026
Pulmonology;morning;22/02/2026
Pulmonology;noon;22/02/2026
Pulmonology;night;22/02/2026
Pulmonology;morning;23/02/2026
Pulmonology;noon;23/02/2026
Pulmonology;night;23/02/2026
Pulmonology;morning;24/02/2026
Pulmonology;noon;24/02/2026
Pulmonology;night;24/02/2026
Pulmonology;morning;25/02/2026
Pulmonology;noon;25/02/2026
Pulmonology;night;25/02/2026
Pulmonology;morning;26/02/2026
Pulmonology;noon;26/02/2026
Pulmonology;night;26/02/2026
Pulmonology;morning;27/02/2026
Pulmonology;noon;27/02/2026
Pulmonology;night;27/02/2026
Pulmonology;morning;28/02/2026
Pulmonology;noon;28/02/2026
Pulmonology;night;28/02/2026
